"user_id","user_name","country","subscription_type","start_date","end_date","updated_at"
1,"Carlos Berry","Switzerland","Premium","2023-10-17",NULL,"2025-09-23 19:49:55"
2,"Amanda Jenkins","Montserrat","Family","2024-09-28",NULL,"2025-09-29 19:49:55"
3,"Daniel Cook","Chile","Premium","2025-07-07",NULL,"2025-09-08 19:49:55"
4,"Peter Hernandez","Nigeria","Free","2024-07-16",NULL,"2025-09-29 19:49:55"
5,"Yolanda Morris","Aruba","Premium","2025-05-12",NULL,"2025-09-17 19:49:55"
6,"Stephen Murphy","Cook Islands","Free","2025-06-17",NULL,"2025-09-12 19:49:55"
7,"Anthony Andrews Jr.","Libyan Arab Jamahiriya","Free","2024-06-08",NULL,"2025-09-20 19:49:55"
8,"Felicia Jones","Haiti","Family","2024-09-20",NULL,"2025-09-08 19:49:55"
9,"Hector Decker","Palau","Family","2024-01-08",NULL,"2025-09-29 19:49:55"
10,"Frank Davis","New Zealand","Family","2023-12-13",NULL,"2025-09-22 19:49:55"
11,"Erica Hayes","Gibraltar","Free","2025-06-30",NULL,"2025-09-25 19:49:55"
12,"Abigail Valentine","Saint Helena","Free","2024-03-02",NULL,"2025-09-17 19:49:55"
13,"Judy Simmons","Kenya","Premium","2024-05-01",NULL,"2025-09-28 19:49:55"
14,"Nicholas Anderson","Oman","Family","2024-02-29",NULL,"2025-09-20 19:49:55"
15,"Michael Gibson","Saint Martin","Free","2024-02-04",NULL,"2025-09-10 19:49:55"
16,"Sabrina Lopez","Pitcairn Islands","Family","2024-02-20",NULL,"2025-10-07 19:49:55"
17,"Christine Johnson","Liberia","Family","2025-04-29",NULL,"2025-10-04 19:49:55"
18,"Robert Anderson","Christmas Island","Free","2024-01-02",NULL,"2025-10-05 19:49:55"
19,"Jose Hamilton","Tonga","Premium","2024-10-17",NULL,"2025-09-24 19:49:55"
20,"Harold Taylor","Nicaragua","Family","2025-06-13",NULL,"2025-10-01 19:49:55"
21,"Joseph White","Nigeria","Premium","2025-10-05",NULL,"2025-09-12 19:49:55"
22,"Cody Jackson","Norfolk Island","Family","2024-07-03",NULL,"2025-09-18 19:49:55"
23,"Leslie Brown","Iraq","Premium","2024-12-28",NULL,"2025-09-07 19:49:55"
24,"Jessica Chapman","Martinique","Premium","2025-03-31",NULL,"2025-10-01 19:49:55"
25,"Brett Sullivan","Macao","Family","2024-02-24",NULL,"2025-09-20 19:49:55"
26,"Mr. Steven Contreras","Dominica","Free","2024-04-25",NULL,"2025-10-06 19:49:55"
27,"Gary Lynch","Mauritania","Premium","2024-06-05",NULL,"2025-09-22 19:49:55"
28,"Jeremy Martin","El Salvador","Family","2024-12-31",NULL,"2025-09-20 19:49:55"
29,"Jennifer Harmon","French Guiana","Free","2024-02-03",NULL,"2025-10-05 19:49:55"
30,"Tamara Harrison","Bahamas","Family","2024-06-14",NULL,"2025-10-06 19:49:55"
31,"Tammy Cook","Bolivia","Premium","2025-02-15",NULL,"2025-10-02 19:49:55"
32,"Jeffrey Reyes","Dominica","Free","2024-01-12",NULL,"2025-09-10 19:49:55"
33,"Eric Cain","Tokelau","Family","2024-11-16",NULL,"2025-09-11 19:49:55"
34,"Joshua Smith","Ethiopia","Free","2024-09-05",NULL,"2025-09-23 19:49:55"
35,"Derrick Jefferson","Hungary","Free","2023-11-11",NULL,"2025-09-22 19:49:55"
36,"Brett Adams","Croatia","Premium","2024-02-12",NULL,"2025-09-10 19:49:55"
37,"Miranda Arias","Bermuda","Family","2024-06-25",NULL,"2025-09-27 19:49:55"
38,"Gary Salazar","Falkland Islands (Malvinas)","Family","2025-09-24",NULL,"2025-09-12 19:49:55"
39,"Ryan Gutierrez","Lao People's Democratic Republic","Family","2024-04-24",NULL,"2025-09-30 19:49:55"
40,"Jacqueline Harrington","Malta","Family","2024-04-14",NULL,"2025-09-10 19:49:55"
41,"Victor Schmidt","Dominica","Free","2024-09-10",NULL,"2025-09-12 19:49:55"
42,"Amy Anderson","Eritrea","Premium","2024-10-16",NULL,"2025-10-07 19:49:55"
43,"David Taylor","Guyana","Family","2024-07-21",NULL,"2025-10-03 19:49:55"
44,"Michael Wood","Israel","Family","2024-05-05",NULL,"2025-09-07 19:49:55"
45,"David Leonard","Burkina Faso","Family","2024-08-02",NULL,"2025-09-18 19:49:55"
46,"Carl Trevino","Romania","Free","2024-09-16",NULL,"2025-09-22 19:49:55"
47,"Theresa Potter","Bangladesh","Premium","2023-10-22",NULL,"2025-09-07 19:49:55"
48,"Kenneth Davis","Romania","Premium","2024-12-11",NULL,"2025-09-20 19:49:55"
49,"Antonio Hall","Azerbaijan","Family","2024-05-05",NULL,"2025-09-27 19:49:55"
50,"Sara Goodman","Jordan","Premium","2024-12-06",NULL,"2025-09-22 19:49:55"
51,"Terrance Murphy","American Samoa","Premium","2023-12-20",NULL,"2025-09-10 19:49:55"
52,"Gabrielle Garza","Bouvet Island (Bouvetoya)","Premium","2025-05-24",NULL,"2025-10-01 19:49:55"
53,"David Smith","Palestinian Territory","Family","2024-06-29",NULL,"2025-09-17 19:49:55"
54,"Amy Phillips","Finland","Free","2024-01-24",NULL,"2025-10-07 19:49:55"
55,"Justin Dyer","Morocco","Free","2024-06-24",NULL,"2025-09-09 19:49:55"
56,"William Murphy","Timor-Leste","Free","2025-09-09",NULL,"2025-09-24 19:49:55"
57,"Brandon Sloan","Svalbard & Jan Mayen Islands","Free","2024-10-06",NULL,"2025-09-16 19:49:55"
58,"Christopher Martinez","Georgia","Family","2025-03-23",NULL,"2025-09-27 19:49:55"
59,"Dr. Sheri Parrish DVM","United States Virgin Islands","Free","2024-06-18",NULL,"2025-10-05 19:49:55"
60,"Haley Clark","Vanuatu","Free","2023-10-26",NULL,"2025-09-30 19:49:55"
61,"Joanna Brewer","Holy See (Vatican City State)","Family","2024-12-02",NULL,"2025-09-27 19:49:55"
62,"William Patel","Cook Islands","Free","2024-12-08",NULL,"2025-09-10 19:49:55"
63,"Kyle Khan","Australia","Free","2024-02-20",NULL,"2025-09-14 19:49:55"
64,"Clarence Figueroa","Papua New Guinea","Premium","2024-09-09",NULL,"2025-09-23 19:49:55"
65,"Michael Barton","Namibia","Free","2024-09-23",NULL,"2025-10-01 19:49:55"
66,"Mark Cochran","Nepal","Free","2024-06-13",NULL,"2025-10-07 19:49:55"
67,"Michael Hunter","Antigua and Barbuda","Family","2024-04-07",NULL,"2025-09-22 19:49:55"
68,"Donald Montgomery","French Polynesia","Premium","2024-03-13",NULL,"2025-10-03 19:49:55"
69,"Gregory Hart","Syrian Arab Republic","Premium","2025-01-10",NULL,"2025-10-05 19:49:55"
70,"Anne Scott","Tuvalu","Premium","2024-04-01",NULL,"2025-09-22 19:49:55"
71,"Melvin Jones","Iran","Family","2025-02-02",NULL,"2025-10-03 19:49:55"
72,"Elizabeth Petty","Belarus","Free","2024-11-02",NULL,"2025-09-09 19:49:55"
73,"David Coleman","Hungary","Family","2024-05-05",NULL,"2025-09-12 19:49:55"
74,"Willie Walker","United States Virgin Islands","Free","2024-11-03",NULL,"2025-10-02 19:49:55"
75,"Brianna Johnson","Brazil","Family","2024-02-06",NULL,"2025-10-06 19:49:55"
76,"Jason Rush","El Salvador","Family","2024-11-15",NULL,"2025-10-05 19:49:55"
77,"Erica Dunn","Central African Republic","Free","2023-10-28",NULL,"2025-09-30 19:49:55"
78,"Alexander Hunter","Suriname","Free","2024-07-11",NULL,"2025-10-01 19:49:55"
79,"Juan Clark","Timor-Leste","Family","2024-12-06",NULL,"2025-09-07 19:49:55"
80,"Jeremy Santiago","Saudi Arabia","Premium","2024-12-16",NULL,"2025-09-26 19:49:55"
81,"Justin Young","Pitcairn Islands","Free","2025-08-30",NULL,"2025-09-28 19:49:55"
82,"Sheena Hurley","United States Minor Outlying Islands","Premium","2025-04-11",NULL,"2025-09-21 19:49:55"
83,"Sarah Hinton","Christmas Island","Free","2023-11-21",NULL,"2025-09-18 19:49:55"
84,"Amber Butler","Georgia","Family","2024-03-15",NULL,"2025-10-03 19:49:55"
85,"Lisa Sherman","Japan","Family","2024-01-31",NULL,"2025-09-11 19:49:55"
86,"Kara Lucero","Croatia","Free","2023-12-22",NULL,"2025-10-06 19:49:55"
87,"Mrs. Marie Lyons","Afghanistan","Family","2025-05-13",NULL,"2025-09-14 19:49:55"
88,"Mary Rich","Croatia","Family","2025-10-05",NULL,"2025-09-27 19:49:55"
89,"Holly Trujillo","Bolivia","Family","2024-12-06",NULL,"2025-09-07 19:49:55"
90,"Michaela Mendez","Poland","Premium","2025-01-12",NULL,"2025-09-07 19:49:55"
91,"Keith Sanchez","American Samoa","Premium","2025-01-01",NULL,"2025-09-22 19:49:55"
92,"Chelsea Thomas","Svalbard & Jan Mayen Islands","Free","2024-08-12",NULL,"2025-09-14 19:49:55"
93,"Carolyn Alvarez","Benin","Family","2024-06-09",NULL,"2025-09-15 19:49:55"
94,"Rachel Chavez","Tuvalu","Premium","2024-06-25",NULL,"2025-09-09 19:49:55"
95,"Brian Lopez","Vietnam","Premium","2025-09-14",NULL,"2025-09-09 19:49:55"
96,"Ashley Skinner","Togo","Premium","2024-09-22",NULL,"2025-09-28 19:49:55"
97,"Joseph Rivera","Nepal","Free","2024-04-20",NULL,"2025-09-26 19:49:55"
98,"Nicholas Grimes","Papua New Guinea","Free","2024-04-13",NULL,"2025-10-05 19:49:55"
99,"Elijah Armstrong","Turks and Caicos Islands","Free","2024-01-01",NULL,"2025-09-24 19:49:55"
100,"Erica Brown","Qatar","Premium","2024-06-16",NULL,"2025-09-19 19:49:55"
101,"Kayla Gonzalez","Rwanda","Premium","2025-03-02",NULL,"2025-10-02 19:49:55"
102,"Jeffrey Phillips","Egypt","Family","2025-04-06",NULL,"2025-09-11 19:49:55"
103,"Amy Best","Netherlands","Premium","2024-01-15",NULL,"2025-09-22 19:49:55"
104,"Michael Meza","Mexico","Family","2023-12-11",NULL,"2025-10-07 19:49:55"
105,"Dana Martinez","Guam","Family","2025-05-31",NULL,"2025-09-10 19:49:55"
106,"Martha Miller","Niger","Premium","2024-11-25",NULL,"2025-10-03 19:49:55"
107,"Mr. Brian Horton","Kyrgyz Republic","Premium","2024-12-24",NULL,"2025-10-03 19:49:55"
108,"Michael James","Lithuania","Family","2025-02-19",NULL,"2025-09-18 19:49:55"
109,"Dean Hunt","French Guiana","Free","2025-08-05",NULL,"2025-09-15 19:49:55"
110,"Richard Martinez","Isle of Man","Free","2023-12-19",NULL,"2025-10-01 19:49:55"
111,"Donna Hansen","Gibraltar","Premium","2024-07-21",NULL,"2025-10-05 19:49:55"
112,"Kenneth Miller","Ukraine","Free","2024-05-31",NULL,"2025-10-07 19:49:55"
113,"Anna Turner DDS","China","Free","2024-12-14",NULL,"2025-09-21 19:49:55"
114,"Patrick Olson","Ecuador","Family","2024-01-03",NULL,"2025-09-15 19:49:55"
115,"Chad Jones","China","Family","2025-08-20",NULL,"2025-10-01 19:49:55"
116,"Jacob Rodriguez","Croatia","Family","2024-06-09",NULL,"2025-09-25 19:49:55"
117,"Heather Johnson","Angola","Family","2025-08-30",NULL,"2025-09-26 19:49:55"
118,"Sarah Gonzalez","Guernsey","Premium","2024-06-17",NULL,"2025-10-02 19:49:55"
119,"Natalie Barrett","Kazakhstan","Premium","2024-05-13",NULL,"2025-10-05 19:49:55"
120,"Curtis Cunningham","Cuba","Family","2024-06-30",NULL,"2025-09-29 19:49:55"
121,"Seth Ruiz","British Virgin Islands","Free","2024-05-04",NULL,"2025-09-26 19:49:55"
122,"Lawrence Odonnell","Saint Kitts and Nevis","Family","2024-05-19",NULL,"2025-09-25 19:49:55"
123,"Jeffery Smith","Malaysia","Premium","2024-04-18",NULL,"2025-09-24 19:49:55"
124,"Melody Wright","Ghana","Free","2024-10-31",NULL,"2025-09-20 19:49:55"
125,"Christopher Cole","Mauritius","Premium","2025-07-10",NULL,"2025-09-23 19:49:55"
126,"Kayla Sullivan","Montserrat","Free","2024-01-19",NULL,"2025-10-02 19:49:55"
127,"William Taylor","United States of America","Premium","2024-04-22",NULL,"2025-09-08 19:49:55"
128,"Sherry Sweeney","Belgium","Premium","2024-05-13",NULL,"2025-09-26 19:49:55"
129,"Stephanie Robinson","Malaysia","Family","2025-04-22",NULL,"2025-10-06 19:49:55"
130,"Lori Cameron","Sierra Leone","Family","2023-12-30",NULL,"2025-09-26 19:49:55"
131,"Mary Paul","Brunei Darussalam","Free","2025-06-15",NULL,"2025-09-17 19:49:55"
132,"Ashley Davidson","Samoa","Premium","2025-08-28",NULL,"2025-10-07 19:49:55"
133,"Marcus Davis","Portugal","Family","2024-05-29",NULL,"2025-09-22 19:49:55"
134,"Willie Jones","Brunei Darussalam","Free","2025-02-21",NULL,"2025-09-29 19:49:55"
135,"Julie Dominguez","Chile","Premium","2025-06-18",NULL,"2025-10-01 19:49:55"
136,"Andrew Thomas","India","Free","2024-12-21",NULL,"2025-09-28 19:49:55"
137,"Amy Weeks","Sao Tome and Principe","Family","2024-07-02",NULL,"2025-09-09 19:49:55"
138,"Courtney Deleon","Equatorial Guinea","Free","2025-02-03",NULL,"2025-10-02 19:49:55"
139,"Samantha Hampton","Turkey","Family","2024-10-28",NULL,"2025-09-30 19:49:55"
140,"Victoria Sanchez DVM","Gambia","Premium","2024-11-10",NULL,"2025-09-24 19:49:55"
141,"David Ellison","Romania","Free","2023-11-30",NULL,"2025-09-13 19:49:55"
142,"Alicia Aguilar MD","Brunei Darussalam","Family","2025-08-06",NULL,"2025-09-22 19:49:55"
143,"Robert Mitchell","Iran","Free","2024-10-26",NULL,"2025-09-19 19:49:55"
144,"Lisa Hopkins","Maldives","Premium","2025-01-03",NULL,"2025-09-19 19:49:55"
145,"Karen Clarke","Gambia","Premium","2024-03-19",NULL,"2025-09-27 19:49:55"
146,"Mark Payne","Saint Kitts and Nevis","Free","2025-08-26",NULL,"2025-10-01 19:49:55"
147,"Micheal Smith","Samoa","Family","2025-08-03",NULL,"2025-09-20 19:49:55"
148,"Chase Moore","Zambia","Family","2024-03-13",NULL,"2025-09-18 19:49:55"
149,"Jonathan Zhang","Honduras","Family","2025-08-25",NULL,"2025-09-15 19:49:55"
150,"Abigail Olsen","Uruguay","Free","2024-03-04",NULL,"2025-10-07 19:49:55"
151,"Lisa Bell","Gabon","Premium","2024-07-27",NULL,"2025-09-16 19:49:55"
152,"Jeffrey Vega","Guatemala","Premium","2024-12-07",NULL,"2025-09-09 19:49:55"
153,"Antonio Gutierrez","Maldives","Free","2025-06-04",NULL,"2025-09-16 19:49:55"
154,"David Cameron","United Arab Emirates","Premium","2024-10-30",NULL,"2025-09-09 19:49:55"
155,"Edward Powers","Australia","Premium","2025-01-19",NULL,"2025-09-30 19:49:55"
156,"Tony Morales","India","Premium","2024-05-17",NULL,"2025-09-18 19:49:55"
157,"Kathleen Simpson","Barbados","Family","2023-12-20",NULL,"2025-10-02 19:49:55"
158,"Brian Moore","Azerbaijan","Free","2023-10-10",NULL,"2025-09-13 19:49:55"
159,"Lisa Grimes","United States of America","Premium","2025-06-08",NULL,"2025-10-07 19:49:55"
160,"Michael Reid","British Indian Ocean Territory (Chagos Archipelago)","Family","2025-01-08",NULL,"2025-09-12 19:49:55"
161,"Dylan Barker","Syrian Arab Republic","Free","2024-01-12",NULL,"2025-09-13 19:49:55"
162,"Samantha Woods","Libyan Arab Jamahiriya","Free","2024-11-23",NULL,"2025-09-10 19:49:55"
163,"Melissa Neal","Guatemala","Family","2023-11-19",NULL,"2025-09-20 19:49:55"
164,"Tracy Floyd","Libyan Arab Jamahiriya","Family","2023-10-07",NULL,"2025-09-18 19:49:55"
165,"Steven Haney","Ghana","Family","2024-02-19",NULL,"2025-09-28 19:49:55"
166,"Daniel Rodriguez","Maldives","Family","2023-10-27",NULL,"2025-09-16 19:49:55"
167,"Kevin Hill","Ukraine","Free","2024-10-31",NULL,"2025-10-02 19:49:55"
168,"Jordan Miller","Poland","Premium","2025-09-09",NULL,"2025-10-01 19:49:55"
169,"Heidi Chandler","Suriname","Free","2024-09-03",NULL,"2025-09-09 19:49:55"
170,"James Mayer","Namibia","Free","2025-03-30",NULL,"2025-09-24 19:49:55"
171,"Ryan Romero","Sudan","Family","2024-07-22",NULL,"2025-09-25 19:49:55"
172,"Amber Anderson","Cambodia","Free","2024-04-20",NULL,"2025-09-22 19:49:55"
173,"Vincent Owens PhD","Azerbaijan","Free","2024-09-08",NULL,"2025-10-05 19:49:55"
174,"Madison Burns","American Samoa","Family","2025-06-22",NULL,"2025-10-01 19:49:55"
175,"Robert Brown","Macao","Free","2025-06-26",NULL,"2025-09-11 19:49:55"
176,"Kelsey Rodriguez","Guernsey","Free","2025-05-13",NULL,"2025-09-20 19:49:55"
177,"Victoria Guzman","Swaziland","Free","2024-12-07",NULL,"2025-10-01 19:49:55"
178,"Lucas Nichols","Saudi Arabia","Free","2025-05-25",NULL,"2025-10-03 19:49:55"
179,"Mary Moore","Kiribati","Premium","2024-05-21",NULL,"2025-09-29 19:49:55"
180,"Donald Craig","Sweden","Family","2024-08-22",NULL,"2025-09-22 19:49:55"
181,"Joanna Avila","Benin","Family","2024-07-05",NULL,"2025-09-11 19:49:55"
182,"Adam Miller","Macao","Premium","2025-04-03",NULL,"2025-09-27 19:49:55"
183,"Stacey Sanchez","Western Sahara","Premium","2025-02-15",NULL,"2025-09-12 19:49:55"
184,"Jennifer Johnston","Japan","Family","2025-01-14",NULL,"2025-10-05 19:49:55"
185,"Vanessa Burns","Taiwan","Free","2025-02-03",NULL,"2025-09-28 19:49:55"
186,"Julie Cox","Benin","Free","2024-07-24",NULL,"2025-09-16 19:49:55"
187,"Janet Davis","Mali","Free","2024-05-05",NULL,"2025-09-10 19:49:55"
188,"Robert Murphy","Cameroon","Premium","2024-08-10",NULL,"2025-09-11 19:49:55"
189,"Frank Perry","Mozambique","Premium","2024-03-23",NULL,"2025-09-23 19:49:55"
190,"Anthony Rodriguez","Nepal","Family","2025-03-02",NULL,"2025-09-11 19:49:55"
191,"Thomas Schmidt","Chad","Family","2024-05-30",NULL,"2025-09-12 19:49:55"
192,"Marc Rodriguez","Nepal","Family","2024-01-10",NULL,"2025-09-23 19:49:55"
193,"Pamela Montgomery","Monaco","Family","2024-03-10",NULL,"2025-09-12 19:49:55"
194,"Robert Lane","North Macedonia","Free","2024-10-25",NULL,"2025-09-09 19:49:55"
195,"Timothy Austin","Japan","Free","2024-06-25",NULL,"2025-10-04 19:49:55"
196,"Nicole Rowe","Tokelau","Premium","2025-09-18",NULL,"2025-09-10 19:49:55"
197,"Amanda Flores","Turkmenistan","Family","2025-07-08",NULL,"2025-09-27 19:49:55"
198,"John Rivas","Australia","Premium","2025-06-16",NULL,"2025-09-07 19:49:55"
199,"Stephanie Warren","British Virgin Islands","Premium","2024-03-03",NULL,"2025-09-25 19:49:55"
200,"Kimberly Price","Spain","Free","2025-09-02",NULL,"2025-10-06 19:49:55"
201,"Alan Cruz","Kazakhstan","Free","2025-08-22",NULL,"2025-09-09 19:49:55"
202,"Destiny Beard","Palestinian Territory","Family","2025-07-13",NULL,"2025-09-25 19:49:55"
203,"Brittany Hernandez","Bolivia","Free","2024-01-20",NULL,"2025-09-19 19:49:55"
204,"Jordan Wright","Uganda","Free","2025-03-20",NULL,"2025-10-04 19:49:55"
205,"Corey Garcia","Micronesia","Premium","2024-09-21",NULL,"2025-09-23 19:49:55"
206,"Denise Bishop","Tonga","Free","2025-04-19",NULL,"2025-09-15 19:49:55"
207,"Amy King","Niue","Premium","2025-09-14",NULL,"2025-10-04 19:49:55"
208,"Scott Weaver","Korea","Free","2024-07-17",NULL,"2025-10-06 19:49:55"
209,"Nicholas Chavez","Sao Tome and Principe","Family","2024-01-29",NULL,"2025-09-09 19:49:55"
210,"Shannon Dunn","Brazil","Free","2025-03-02",NULL,"2025-09-11 19:49:55"
211,"Derek Jones","Malta","Family","2024-12-08",NULL,"2025-09-16 19:49:55"
212,"Alexis Howard","Monaco","Free","2023-12-17",NULL,"2025-09-19 19:49:55"
213,"William Williams","Jersey","Free","2025-04-09",NULL,"2025-09-09 19:49:55"
214,"Mariah Giles","Botswana","Free","2024-10-24",NULL,"2025-10-02 19:49:55"
215,"Timothy Daniel","Grenada","Family","2024-02-27",NULL,"2025-09-30 19:49:55"
216,"Andrew Brown","Cambodia","Family","2023-10-10",NULL,"2025-09-19 19:49:55"
217,"Steven Smith","Pitcairn Islands","Free","2025-04-25",NULL,"2025-09-09 19:49:55"
218,"Mary Bond","British Virgin Islands","Family","2025-09-06",NULL,"2025-09-16 19:49:55"
219,"Connie Adams","Bahrain","Premium","2025-01-31",NULL,"2025-09-08 19:49:55"
220,"Paula Graham","Cocos (Keeling) Islands","Free","2024-11-04",NULL,"2025-09-09 19:49:55"
221,"Michael Kim","Russian Federation","Premium","2024-09-19",NULL,"2025-09-28 19:49:55"
222,"Whitney Howard","Kyrgyz Republic","Premium","2025-02-21",NULL,"2025-09-21 19:49:55"
223,"Lauren Lawson","Tanzania","Premium","2025-02-26",NULL,"2025-09-29 19:49:55"
224,"Steven Carter","Czech Republic","Premium","2025-06-24",NULL,"2025-09-17 19:49:55"
225,"Mary Graham","Guadeloupe","Family","2023-12-02",NULL,"2025-09-18 19:49:55"
226,"Lisa Hanson","Nicaragua","Premium","2024-03-31",NULL,"2025-09-28 19:49:55"
227,"Elizabeth Charles","Cameroon","Premium","2025-09-11",NULL,"2025-09-24 19:49:55"
228,"Linda Gordon","Tonga","Premium","2024-09-23",NULL,"2025-09-13 19:49:55"
229,"David Friedman","Zimbabwe","Family","2025-02-26",NULL,"2025-09-14 19:49:55"
230,"David Aguilar","Congo","Free","2024-08-18",NULL,"2025-09-15 19:49:55"
231,"Mary Wiley","Tonga","Premium","2025-07-11",NULL,"2025-10-05 19:49:55"
232,"Mike Thompson","Senegal","Free","2024-07-19",NULL,"2025-09-23 19:49:55"
233,"Erica Avila","Tuvalu","Free","2023-10-08",NULL,"2025-09-19 19:49:55"
234,"Hannah Brown","Nicaragua","Family","2024-06-28",NULL,"2025-09-24 19:49:55"
235,"Erin Johnson","Dominican Republic","Free","2025-03-16",NULL,"2025-10-06 19:49:55"
236,"Michael Bean","Indonesia","Premium","2024-12-10",NULL,"2025-09-18 19:49:55"
237,"Michael Mccall","Moldova","Family","2025-04-15",NULL,"2025-09-07 19:49:55"
238,"Andrea Powell","Anguilla","Family","2025-09-01",NULL,"2025-09-07 19:49:55"
239,"Nancy Bush","Mayotte","Premium","2025-06-03",NULL,"2025-09-07 19:49:55"
240,"Brandon Wong","Jamaica","Free","2024-05-25",NULL,"2025-09-08 19:49:55"
241,"Jeremiah Hines","Namibia","Free","2024-07-29",NULL,"2025-10-05 19:49:55"
242,"Gregory Flynn","Brunei Darussalam","Family","2025-03-09",NULL,"2025-10-04 19:49:55"
243,"Martha Martin","Chad","Premium","2024-05-11",NULL,"2025-10-06 19:49:55"
244,"Jenna Salazar","Iceland","Family","2023-12-28",NULL,"2025-09-26 19:49:55"
245,"Douglas Mckinney","Croatia","Free","2023-11-29",NULL,"2025-09-30 19:49:55"
246,"Jason Williams","Sierra Leone","Free","2025-05-19",NULL,"2025-09-16 19:49:55"
247,"Christopher Morgan","Guadeloupe","Free","2024-01-22",NULL,"2025-09-09 19:49:55"
248,"Edward Delacruz","Greece","Free","2024-09-10",NULL,"2025-09-19 19:49:55"
249,"Michael Parsons","Gabon","Premium","2024-04-01",NULL,"2025-09-19 19:49:55"
250,"Elizabeth Miller","Nigeria","Family","2024-09-18",NULL,"2025-09-26 19:49:55"
251,"Jerry Booth","Lithuania","Family","2023-11-04",NULL,"2025-09-17 19:49:55"
252,"Dr. Rebecca Ramirez","Djibouti","Free","2025-05-07",NULL,"2025-09-22 19:49:55"
253,"Andrew Glover","Saint Pierre and Miquelon","Free","2025-09-05",NULL,"2025-09-16 19:49:55"
254,"David Rice","Barbados","Free","2023-12-02",NULL,"2025-09-12 19:49:55"
255,"Holly Thomas","Afghanistan","Premium","2024-11-13",NULL,"2025-09-12 19:49:55"
256,"Matthew Smith","Gabon","Free","2024-12-26",NULL,"2025-09-21 19:49:55"
257,"Brandon Frost","Norway","Family","2024-02-17",NULL,"2025-09-30 19:49:55"
258,"Nathaniel Quinn","Canada","Free","2025-05-23",NULL,"2025-09-12 19:49:55"
259,"Brandon Hernandez","Guadeloupe","Free","2024-01-05",NULL,"2025-10-04 19:49:55"
260,"Veronica Munoz","Italy","Premium","2024-11-02",NULL,"2025-09-13 19:49:55"
261,"Jennifer Weaver","New Zealand","Free","2024-11-30",NULL,"2025-09-22 19:49:55"
262,"Terri Spears","United Arab Emirates","Free","2023-11-22",NULL,"2025-09-11 19:49:55"
263,"Kelly Guerrero","Myanmar","Premium","2024-10-22",NULL,"2025-09-16 19:49:55"
264,"Holly Porter","Burundi","Free","2025-06-06",NULL,"2025-09-21 19:49:55"
265,"Kimberly Weeks","Uganda","Free","2024-01-30",NULL,"2025-09-08 19:49:55"
266,"Katherine Williams","Cyprus","Family","2025-02-18",NULL,"2025-10-07 19:49:55"
267,"Catherine Blair","Cook Islands","Premium","2025-09-12",NULL,"2025-10-06 19:49:55"
268,"Cynthia Vega","Belgium","Family","2024-05-11",NULL,"2025-09-12 19:49:55"
269,"James Cox","Seychelles","Free","2024-10-06",NULL,"2025-09-23 19:49:55"
270,"Suzanne Hodge","Czech Republic","Premium","2024-07-17",NULL,"2025-09-16 19:49:55"
271,"Kerry Stark","Bosnia and Herzegovina","Free","2024-12-18",NULL,"2025-10-03 19:49:55"
272,"Joseph Johnson","Bahrain","Premium","2024-11-03",NULL,"2025-09-19 19:49:55"
273,"Linda Pope","Timor-Leste","Premium","2024-05-10",NULL,"2025-09-29 19:49:55"
274,"David Bolton DVM","Jordan","Family","2025-04-24",NULL,"2025-09-18 19:49:55"
275,"Rachel York","France","Free","2024-03-03",NULL,"2025-09-10 19:49:55"
276,"Michele Mitchell","Micronesia","Free","2023-11-05",NULL,"2025-10-05 19:49:55"
277,"Jamie Hanson","Nepal","Family","2025-03-11",NULL,"2025-09-27 19:49:55"
278,"Charles Wilson DVM","Cote d'Ivoire","Free","2024-04-20",NULL,"2025-09-28 19:49:55"
279,"Andrea Todd","Norfolk Island","Premium","2024-08-31",NULL,"2025-09-08 19:49:55"
280,"Michael Sullivan II","Guadeloupe","Free","2023-11-27",NULL,"2025-09-22 19:49:55"
281,"Donna Soto","Russian Federation","Premium","2023-10-14",NULL,"2025-09-14 19:49:55"
282,"Michael Smith","Belgium","Premium","2024-09-04",NULL,"2025-09-08 19:49:55"
283,"Sheri Crane","Liechtenstein","Free","2025-06-13",NULL,"2025-09-10 19:49:55"
284,"Brandy Freeman","Cyprus","Premium","2023-11-24",NULL,"2025-09-26 19:49:55"
285,"Brian Vaughan","Bosnia and Herzegovina","Family","2023-12-02",NULL,"2025-09-22 19:49:55"
286,"Christopher Mccormick","France","Family","2025-09-01",NULL,"2025-10-04 19:49:55"
287,"Amanda Rodriguez","Reunion","Premium","2024-02-21",NULL,"2025-09-20 19:49:55"
288,"Joseph Dickson","Isle of Man","Premium","2025-06-28",NULL,"2025-09-07 19:49:55"
289,"Victor Edwards","Bolivia","Family","2024-06-26",NULL,"2025-09-07 19:49:55"
290,"James Copeland","South Africa","Family","2024-05-10",NULL,"2025-09-17 19:49:55"
291,"Michael Diaz","Brazil","Free","2024-06-14",NULL,"2025-09-18 19:49:55"
292,"Bradley Hughes","Liechtenstein","Free","2025-07-23",NULL,"2025-10-03 19:49:55"
293,"Isabella Moore","Saint Helena","Free","2025-01-14",NULL,"2025-09-08 19:49:55"
294,"Elaine Smith","Saint Pierre and Miquelon","Premium","2023-11-13",NULL,"2025-10-02 19:49:55"
295,"Ashley Harris","Palau","Family","2024-02-12",NULL,"2025-09-20 19:49:55"
296,"Kathryn Contreras","Albania","Premium","2024-03-17",NULL,"2025-09-09 19:49:55"
297,"Sarah Rangel","Niue","Family","2025-03-12",NULL,"2025-10-02 19:49:55"
298,"Heather Barker","Libyan Arab Jamahiriya","Family","2023-10-15",NULL,"2025-09-18 19:49:55"
299,"Erik Wall","Cyprus","Family","2024-09-18",NULL,"2025-09-26 19:49:55"
300,"Sherry Blake","Sierra Leone","Family","2025-08-08",NULL,"2025-09-25 19:49:55"
301,"Molly Jennings","Lesotho","Free","2024-02-10",NULL,"2025-10-01 19:49:55"
302,"Christopher Warren","Gabon","Premium","2024-03-03",NULL,"2025-09-11 19:49:55"
303,"Katherine Davis DVM","Guinea-Bissau","Family","2024-01-21",NULL,"2025-10-07 19:49:55"
304,"Courtney Sanchez","Malaysia","Premium","2024-12-25",NULL,"2025-09-30 19:49:55"
305,"Destiny Romero","Bahrain","Free","2025-01-17",NULL,"2025-09-23 19:49:55"
407,"Ana Austin","Niue","Family","2024-11-19",NULL,"2025-09-29 19:49:55"
306,"Mr. Dean Bowman","Angola","Premium","2024-09-18",NULL,"2025-09-07 19:49:55"
307,"Debbie Campbell","Lithuania","Family","2024-04-22",NULL,"2025-09-15 19:49:55"
308,"Michael Munoz","Saint Martin","Free","2024-07-02",NULL,"2025-09-12 19:49:55"
309,"Robert Williams","Guyana","Free","2024-09-12",NULL,"2025-09-20 19:49:55"
310,"Julie Caldwell","Central African Republic","Family","2024-08-16",NULL,"2025-09-17 19:49:55"
311,"David Leonard","Montserrat","Family","2024-02-27",NULL,"2025-09-21 19:49:55"
312,"Michael Lewis","United States of America","Family","2024-10-14",NULL,"2025-09-14 19:49:55"
313,"Andrew Waters","Jersey","Free","2023-10-13",NULL,"2025-09-28 19:49:55"
314,"Carrie Callahan","Taiwan","Family","2024-01-01",NULL,"2025-09-26 19:49:55"
315,"Michael Molina","Antigua and Barbuda","Family","2024-10-08",NULL,"2025-09-30 19:49:55"
316,"Melanie Mayo","Cayman Islands","Premium","2025-01-18",NULL,"2025-09-26 19:49:55"
317,"Gary Dougherty","Egypt","Premium","2024-03-25",NULL,"2025-09-11 19:49:55"
318,"Mike Harris DVM","Luxembourg","Family","2024-11-12",NULL,"2025-09-22 19:49:55"
319,"Richard Chambers","Uzbekistan","Premium","2024-08-06",NULL,"2025-09-27 19:49:55"
320,"David Russell","Nepal","Free","2023-10-27",NULL,"2025-09-23 19:49:55"
321,"Kyle Holden","Trinidad and Tobago","Premium","2024-11-06",NULL,"2025-09-23 19:49:55"
322,"Christopher Ross","Turkey","Free","2023-10-14",NULL,"2025-10-01 19:49:55"
323,"Taylor Goodman","Ireland","Family","2023-11-28",NULL,"2025-09-17 19:49:55"
324,"Brandon Williams","Czech Republic","Free","2025-08-23",NULL,"2025-10-05 19:49:55"
325,"Holly Rice","Niue","Family","2023-10-27",NULL,"2025-10-06 19:49:55"
326,"Luis Mills","Haiti","Free","2025-09-13",NULL,"2025-10-02 19:49:55"
327,"Mary Patel","Isle of Man","Premium","2023-10-12",NULL,"2025-09-11 19:49:55"
328,"Ryan Conrad","Comoros","Premium","2025-01-08",NULL,"2025-09-26 19:49:55"
329,"David Thompson","Senegal","Free","2024-04-05",NULL,"2025-09-21 19:49:55"
330,"Kristina Harding","Azerbaijan","Free","2024-11-11",NULL,"2025-09-16 19:49:55"
331,"Joshua Rose","Central African Republic","Premium","2025-09-19",NULL,"2025-09-24 19:49:55"
332,"Jill Davis","Angola","Premium","2025-05-24",NULL,"2025-10-06 19:49:55"
333,"Joshua Gonzales","Taiwan","Premium","2025-03-22",NULL,"2025-09-24 19:49:55"
334,"Jermaine Martin","Antigua and Barbuda","Free","2025-08-16",NULL,"2025-10-06 19:49:55"
335,"Jacob Hudson","Italy","Free","2024-10-10",NULL,"2025-09-27 19:49:55"
336,"Donald Beltran","Liechtenstein","Family","2025-05-20",NULL,"2025-10-02 19:49:55"
337,"Olivia Delgado","Cook Islands","Free","2024-02-09",NULL,"2025-09-14 19:49:55"
338,"Jonathan Thomas","Christmas Island","Premium","2024-10-14",NULL,"2025-09-15 19:49:55"
339,"James Hall","Eritrea","Family","2024-04-04",NULL,"2025-09-28 19:49:55"
340,"Rodney Armstrong","Reunion","Premium","2024-11-24",NULL,"2025-09-16 19:49:55"
341,"Samuel Guerrero","Paraguay","Family","2024-01-10",NULL,"2025-10-01 19:49:55"
342,"Scott Harris","Netherlands","Premium","2024-11-01",NULL,"2025-09-24 19:49:55"
343,"Tiffany Craig","Trinidad and Tobago","Premium","2024-08-22",NULL,"2025-10-02 19:49:55"
344,"Michael Pineda","Norway","Family","2025-03-28",NULL,"2025-09-12 19:49:55"
345,"Charles Lyons","South Africa","Free","2024-03-26",NULL,"2025-09-14 19:49:55"
346,"Melissa Brady","Lesotho","Family","2024-04-15",NULL,"2025-09-07 19:49:55"
347,"Tammy Moon","Malawi","Family","2024-11-24",NULL,"2025-10-02 19:49:55"
348,"Brenda Roberts","Isle of Man","Free","2024-06-15",NULL,"2025-09-26 19:49:55"
349,"Mariah Johnson","El Salvador","Premium","2025-02-14",NULL,"2025-09-13 19:49:55"
350,"Amy Cox","Iceland","Free","2024-07-11",NULL,"2025-10-07 19:49:55"
351,"Eric Edwards","Turks and Caicos Islands","Free","2024-05-03",NULL,"2025-09-08 19:49:55"
352,"Zachary Miller","Bulgaria","Family","2024-05-14",NULL,"2025-09-27 19:49:55"
353,"Lisa Bowen","Saint Vincent and the Grenadines","Family","2024-09-03",NULL,"2025-10-04 19:49:55"
354,"Misty Cruz","Holy See (Vatican City State)","Free","2024-08-07",NULL,"2025-09-20 19:49:55"
355,"James Jackson","Dominican Republic","Free","2024-08-17",NULL,"2025-09-30 19:49:55"
356,"Mrs. Stephanie Odom DDS","Bulgaria","Premium","2025-05-28",NULL,"2025-09-21 19:49:55"
357,"George Clark","Ukraine","Premium","2025-01-17",NULL,"2025-10-03 19:49:55"
358,"Dr. Aaron Ramos PhD","Barbados","Family","2024-10-08",NULL,"2025-09-13 19:49:55"
359,"Sara Chen","Uzbekistan","Free","2025-06-22",NULL,"2025-10-05 19:49:55"
360,"Courtney Munoz","Cyprus","Free","2024-05-31",NULL,"2025-09-15 19:49:55"
361,"Joe Moore","Burundi","Family","2024-04-17",NULL,"2025-09-21 19:49:55"
362,"Sara Newton","Western Sahara","Free","2025-07-19",NULL,"2025-10-05 19:49:55"
363,"Tabitha Rice MD","Maldives","Premium","2024-05-09",NULL,"2025-09-29 19:49:55"
364,"Joseph Callahan","Norfolk Island","Premium","2024-01-19",NULL,"2025-09-09 19:49:55"
365,"Jason Glenn","Andorra","Family","2025-05-16",NULL,"2025-09-19 19:49:55"
366,"Marie Knight","Moldova","Free","2025-06-24",NULL,"2025-09-27 19:49:55"
367,"Monique Fields","Benin","Family","2025-07-01",NULL,"2025-09-14 19:49:55"
368,"Michelle Bell","Cote d'Ivoire","Free","2024-08-15",NULL,"2025-10-01 19:49:55"
369,"Casey Carpenter","Heard Island and McDonald Islands","Family","2024-07-05",NULL,"2025-10-05 19:49:55"
370,"Matthew Cook","Saint Helena","Family","2024-04-18",NULL,"2025-09-24 19:49:55"
371,"David Jimenez","Swaziland","Free","2024-03-19",NULL,"2025-09-24 19:49:55"
372,"Tyler Oconnell","Venezuela","Family","2025-05-18",NULL,"2025-10-04 19:49:55"
373,"Sydney Gentry","Bouvet Island (Bouvetoya)","Premium","2025-03-09",NULL,"2025-10-05 19:49:55"
374,"Valerie Henry","Marshall Islands","Family","2024-02-05",NULL,"2025-09-21 19:49:55"
375,"Susan Cook","Iceland","Free","2025-01-01",NULL,"2025-09-20 19:49:55"
376,"Elizabeth Banks","Eritrea","Free","2024-11-21",NULL,"2025-09-09 19:49:55"
377,"Derek Doyle","Romania","Family","2024-07-14",NULL,"2025-09-22 19:49:55"
378,"Evan Mitchell","Seychelles","Free","2023-12-20",NULL,"2025-09-30 19:49:55"
379,"Susan King","Dominican Republic","Family","2024-05-09",NULL,"2025-10-07 19:49:55"
380,"Lori Miller","Bangladesh","Free","2024-02-21",NULL,"2025-09-28 19:49:55"
381,"Kevin Kelly","Israel","Free","2024-12-09",NULL,"2025-09-27 19:49:55"
382,"Robert Neal","Kazakhstan","Premium","2024-08-10",NULL,"2025-09-21 19:49:55"
383,"Jeffrey Bailey","China","Premium","2024-03-29",NULL,"2025-09-08 19:49:55"
384,"Elizabeth Ochoa","Congo","Family","2024-09-16",NULL,"2025-09-14 19:49:55"
385,"Daniel Nelson","Bolivia","Family","2025-02-19",NULL,"2025-10-04 19:49:55"
386,"Daniel Ross","Aruba","Premium","2025-01-20",NULL,"2025-09-14 19:49:55"
387,"Chelsea Gilbert","Tajikistan","Free","2024-12-23",NULL,"2025-09-28 19:49:55"
388,"Kelly Houston","Afghanistan","Premium","2024-08-15",NULL,"2025-10-01 19:49:55"
389,"Jason Patterson","Antigua and Barbuda","Free","2024-12-29",NULL,"2025-09-25 19:49:55"
390,"Billy Finley","Northern Mariana Islands","Premium","2024-10-01",NULL,"2025-09-26 19:49:55"
391,"Tracey Huynh","Pakistan","Premium","2025-08-26",NULL,"2025-09-11 19:49:55"
392,"Jennifer Villanueva","Serbia","Free","2025-02-14",NULL,"2025-10-06 19:49:55"
393,"Cole Barrett","Kazakhstan","Free","2025-08-10",NULL,"2025-09-24 19:49:55"
394,"Dakota Sosa","United Arab Emirates","Family","2023-12-05",NULL,"2025-09-26 19:49:55"
395,"Susan Olsen","Ecuador","Family","2024-09-05",NULL,"2025-10-03 19:49:55"
396,"Christina Berry","Jersey","Premium","2024-05-23",NULL,"2025-09-24 19:49:55"
397,"Steven Thomas","Jamaica","Family","2024-06-03",NULL,"2025-09-30 19:49:55"
398,"Travis Ruiz","Barbados","Premium","2025-06-07",NULL,"2025-09-13 19:49:55"
399,"James Johnson","Colombia","Free","2024-12-29",NULL,"2025-09-26 19:49:55"
400,"John Mitchell","Maldives","Family","2024-05-21",NULL,"2025-09-29 19:49:55"
401,"Jason Hernandez","Senegal","Free","2025-10-04",NULL,"2025-10-07 19:49:55"
402,"Heather Williams","French Southern Territories","Premium","2024-02-29",NULL,"2025-09-22 19:49:55"
403,"Charles Pacheco","Swaziland","Family","2025-06-13",NULL,"2025-09-24 19:49:55"
404,"Alison Jones","Bosnia and Herzegovina","Premium","2023-11-14",NULL,"2025-09-30 19:49:55"
405,"Patricia Stone","Suriname","Premium","2025-06-01",NULL,"2025-09-21 19:49:55"
406,"Sydney Hernandez","Lao People's Democratic Republic","Free","2024-04-28",NULL,"2025-09-14 19:49:55"
408,"Melissa Peterson","Maldives","Premium","2024-08-23",NULL,"2025-09-10 19:49:55"
409,"Brent Rodgers","Spain","Premium","2025-07-08",NULL,"2025-09-14 19:49:55"
410,"Jody Davis","Chile","Free","2024-04-28",NULL,"2025-09-12 19:49:55"
411,"Kevin Navarro","Grenada","Family","2025-07-02",NULL,"2025-09-15 19:49:55"
412,"Jonathan Allen","Reunion","Premium","2024-01-30",NULL,"2025-09-18 19:49:55"
413,"Jennifer Payne","Antarctica (the territory South of 60 deg S)","Premium","2025-05-03",NULL,"2025-09-13 19:49:55"
414,"Daniel Grant","Lebanon","Premium","2024-08-19",NULL,"2025-09-29 19:49:55"
415,"Patricia Lindsey","Seychelles","Family","2025-09-08",NULL,"2025-09-19 19:49:55"
416,"Hannah Long","Marshall Islands","Free","2024-02-19",NULL,"2025-10-04 19:49:55"
417,"April Hogan","Lao People's Democratic Republic","Free","2023-11-05",NULL,"2025-09-12 19:49:55"
418,"Michael Carter","Chile","Family","2025-05-09",NULL,"2025-10-02 19:49:55"
419,"Timothy Peters","Qatar","Free","2024-03-28",NULL,"2025-09-30 19:49:55"
420,"Michelle Lopez","Svalbard & Jan Mayen Islands","Premium","2025-08-05",NULL,"2025-09-24 19:49:55"
421,"David Williams","Bulgaria","Family","2024-02-15",NULL,"2025-10-03 19:49:55"
422,"James Parsons","Brunei Darussalam","Free","2025-08-31",NULL,"2025-09-17 19:49:55"
423,"Richard Bradley","Morocco","Premium","2024-06-17",NULL,"2025-10-01 19:49:55"
424,"Jean Bass","Cyprus","Free","2024-07-10",NULL,"2025-09-13 19:49:55"
425,"Ricardo Anderson","Poland","Free","2025-06-08",NULL,"2025-09-30 19:49:55"
426,"Lisa Howard","Indonesia","Family","2025-01-26",NULL,"2025-10-02 19:49:55"
427,"Robert Cox","Rwanda","Premium","2024-04-16",NULL,"2025-09-08 19:49:55"
428,"Christopher Schroeder","Portugal","Free","2024-02-09",NULL,"2025-09-18 19:49:55"
429,"Isabel Perry","New Zealand","Family","2024-11-18",NULL,"2025-09-28 19:49:55"
430,"Jason Davis","Saint Vincent and the Grenadines","Family","2024-07-16",NULL,"2025-09-23 19:49:55"
431,"Herbert Elliott","Moldova","Free","2025-02-13",NULL,"2025-09-07 19:49:55"
432,"Brian Clayton","Puerto Rico","Premium","2024-05-26",NULL,"2025-09-20 19:49:55"
433,"Janice Burns","Malaysia","Family","2024-04-24",NULL,"2025-09-10 19:49:55"
434,"Kathryn Anderson","Dominica","Premium","2025-09-16",NULL,"2025-09-17 19:49:55"
435,"Mallory Garcia","Saudi Arabia","Premium","2024-07-19",NULL,"2025-09-17 19:49:55"
436,"Sarah Cummings","Pakistan","Family","2025-09-23",NULL,"2025-09-15 19:49:55"
437,"Samantha Osborne","Ghana","Premium","2024-11-04",NULL,"2025-09-23 19:49:55"
438,"Kevin Shannon","Greece","Free","2025-10-02",NULL,"2025-09-17 19:49:55"
439,"Monica Barrera","Taiwan","Premium","2025-05-09",NULL,"2025-09-10 19:49:55"
440,"George Morgan","Poland","Free","2025-01-27",NULL,"2025-09-21 19:49:55"
441,"Wanda Scott","Iraq","Premium","2024-02-12",NULL,"2025-09-12 19:49:55"
442,"Sean Davis","Montserrat","Premium","2024-01-07",NULL,"2025-10-07 19:49:55"
443,"Matthew Peterson","Colombia","Premium","2024-06-05",NULL,"2025-09-27 19:49:55"
444,"Anthony Hawkins","Pakistan","Free","2024-06-03",NULL,"2025-10-01 19:49:55"
445,"Jonathan Molina","Slovakia (Slovak Republic)","Family","2024-10-21",NULL,"2025-09-25 19:49:55"
446,"Lucas Arnold","Macao","Free","2025-06-22",NULL,"2025-09-11 19:49:55"
447,"Catherine Mcclure","Madagascar","Free","2025-08-06",NULL,"2025-09-24 19:49:55"
448,"Deanna Mckinney","Vanuatu","Family","2024-05-13",NULL,"2025-09-20 19:49:55"
449,"Jasmin Carter","Anguilla","Free","2025-01-09",NULL,"2025-10-06 19:49:55"
450,"Jamie Young","Sierra Leone","Family","2023-11-14",NULL,"2025-10-01 19:49:55"
451,"Philip Savage","Saint Pierre and Miquelon","Free","2024-01-16",NULL,"2025-10-05 19:49:55"
452,"Kathleen Charles","Gabon","Family","2024-11-29",NULL,"2025-09-26 19:49:55"
453,"Kimberly Carr","Belize","Premium","2025-04-19",NULL,"2025-09-15 19:49:55"
454,"Brian Johnson","Djibouti","Free","2024-11-08",NULL,"2025-09-08 19:49:55"
455,"Thomas Long","Saint Martin","Premium","2024-04-07",NULL,"2025-09-16 19:49:55"
456,"Kristin Benjamin","Heard Island and McDonald Islands","Free","2023-12-20",NULL,"2025-09-28 19:49:55"
457,"Joanna Lee","Slovakia (Slovak Republic)","Premium","2025-02-06",NULL,"2025-10-02 19:49:55"
458,"Jessica Smith","Bouvet Island (Bouvetoya)","Free","2024-05-15",NULL,"2025-09-13 19:49:55"
459,"Dawn King","United States of America","Free","2023-10-31",NULL,"2025-09-15 19:49:55"
460,"Brett Lopez","Brunei Darussalam","Free","2024-01-03",NULL,"2025-09-12 19:49:55"
461,"Samantha Edwards","Brazil","Premium","2024-09-13",NULL,"2025-09-15 19:49:55"
462,"Patrick Velasquez","Cote d'Ivoire","Family","2025-06-02",NULL,"2025-09-15 19:49:55"
463,"Jessica Lewis","Slovenia","Free","2025-03-08",NULL,"2025-10-06 19:49:55"
464,"Kelly Edwards","Azerbaijan","Premium","2024-01-20",NULL,"2025-10-06 19:49:55"
465,"Brittany Lucero","Malawi","Free","2024-03-18",NULL,"2025-09-15 19:49:55"
466,"Timothy Anderson","Anguilla","Family","2024-07-11",NULL,"2025-09-28 19:49:55"
467,"Emily Franklin","British Indian Ocean Territory (Chagos Archipelago)","Premium","2025-05-25",NULL,"2025-09-09 19:49:55"
468,"Deborah Price","Australia","Premium","2024-03-27",NULL,"2025-09-16 19:49:55"
469,"Jennifer Gaines","Korea","Premium","2025-05-16",NULL,"2025-09-23 19:49:55"
470,"Amanda Chandler","Vanuatu","Family","2025-06-23",NULL,"2025-09-20 19:49:55"
471,"Joshua Butler","Ethiopia","Free","2025-09-14",NULL,"2025-09-25 19:49:55"
472,"Sarah Smith","Swaziland","Premium","2023-10-20",NULL,"2025-09-08 19:49:55"
473,"Sarah Smith","Heard Island and McDonald Islands","Free","2025-01-01",NULL,"2025-09-09 19:49:55"
474,"Robert Thompson","Burundi","Premium","2024-04-14",NULL,"2025-09-17 19:49:55"
475,"Steven Allen","Bosnia and Herzegovina","Family","2025-09-19",NULL,"2025-09-26 19:49:55"
476,"Brad Morgan","Venezuela","Free","2024-12-15",NULL,"2025-09-12 19:49:55"
477,"Nicholas Rose","Georgia","Premium","2024-11-30",NULL,"2025-09-23 19:49:55"
478,"Matthew Johnson","Tokelau","Free","2023-10-11",NULL,"2025-09-19 19:49:55"
479,"John Rubio","Qatar","Premium","2024-08-19",NULL,"2025-09-14 19:49:55"
480,"Jacqueline Carter","Gabon","Family","2025-04-23",NULL,"2025-10-02 19:49:55"
481,"Donald Walker","Peru","Free","2024-09-10",NULL,"2025-09-25 19:49:55"
482,"Donna Benson","Saint Vincent and the Grenadines","Free","2025-06-02",NULL,"2025-10-06 19:49:55"
483,"Kelly Simmons","Hong Kong","Family","2024-01-10",NULL,"2025-09-30 19:49:55"
484,"Rebecca Cochran","Bhutan","Premium","2024-06-17",NULL,"2025-09-12 19:49:55"
485,"Derrick Hall","China","Free","2023-12-24",NULL,"2025-10-05 19:49:55"
486,"April Graham","American Samoa","Free","2025-06-23",NULL,"2025-09-15 19:49:55"
487,"Kimberly Delacruz","Guinea","Family","2025-02-16",NULL,"2025-09-29 19:49:55"
488,"Jesse Oneill","United Arab Emirates","Family","2023-12-29",NULL,"2025-10-04 19:49:55"
489,"Jeffrey Wilson","Indonesia","Premium","2024-06-03",NULL,"2025-09-25 19:49:55"
490,"Alexander Kennedy","Greece","Family","2025-05-18",NULL,"2025-09-18 19:49:55"
491,"Dylan Holmes","Canada","Free","2024-03-07",NULL,"2025-09-27 19:49:55"
492,"Jeffery Morris","Saint Vincent and the Grenadines","Free","2024-06-21",NULL,"2025-09-15 19:49:55"
493,"Justin Kaufman","Netherlands","Free","2025-08-19",NULL,"2025-09-27 19:49:55"
494,"Michael Mccarthy","Mali","Family","2024-06-16",NULL,"2025-10-07 19:49:55"
495,"Andrew Myers","Uganda","Premium","2024-11-30",NULL,"2025-10-04 19:49:55"
496,"Andrew Matthews","Taiwan","Family","2025-08-08",NULL,"2025-09-17 19:49:55"
497,"William Smith","Australia","Premium","2023-10-30",NULL,"2025-09-16 19:49:55"
498,"Michael Hayes","Kuwait","Premium","2025-07-28",NULL,"2025-09-17 19:49:55"
499,"Brittany Bishop","United Kingdom","Premium","2023-12-11",NULL,"2025-10-07 19:49:55"
500,"Julie Wise","Faroe Islands","Premium","2024-01-02",NULL,"2025-09-18 19:49:55"
